ts	phase	decision	why	evidence	result
2026-08-10T00:46:52Z	hosted-ci	treated the exact release job as failed before packaging	GitHub rejected the immutable-Releases administration query made with the short-lived workflow token	https://github.com/fullofcaffeine/reflaxe.rust/actions/runs/31342714662	all prerequisite jobs passed; release step failed 403
2026-08-10T00:46:52Z	design	split pre-publication tag checks from the maintainer-only full host audit	Actions can read public repository rulesets but cannot read the immutable-Releases administration setting; published release state remains the independent immutability proof	scripts/release/release-provenance.js	bounded authority split selected
2026-08-10T00:46:52Z	tdd	added workflow and function contracts before implementation	the regression must prove workflows no longer call the endpoint their credential cannot access while retaining tag protection	test/scripts/release-workflow.test.js, test/scripts/release-provenance.test.js	both focused tests failed for the intended missing split
2026-08-10T00:48:15Z	verification	passed the complete local release contract after splitting host checks	the change must preserve exact Git source, package, lifecycle, and hosted-state protections together	npm run test:release	all release tests green
2026-08-10T00:52:58Z	review	accepted the independent finding that both documented bare audit commands failed without RELEASE_GH_BIN	the workflow fix was correct, but the maintainer audit was not operational exactly as documented	scripts/release/reviewed-source.js, test/scripts/release-provenance.test.js	added a failing subprocess regression and required-tool resolution for non-strict CLIs
2026-08-10T00:54:29Z	verification	verified the reviewer correction and final integrated release path	the final diff must prove both documented CLIs, the full release contract, and the repository hook gate after the shared environment change	npm run test:release-provenance; npm run test:release; npm run hooks:check	all commands green; both live host audit commands green
2026-08-10T01:04:54Z	hosted_failure	Treat missing Linux temp variables as a real portability defect	The documented non-strict audit CLI should work in a normal Linux shell without release-only environment setup	GitHub Actions run 31345767932 failed test:release-provenance with reviewed release execution requires an absolute RELEASE_TEMP_ROOT after the test removed RELEASE_GH_BIN	Added a focused cross-platform regression that also removes RELEASE_TEMP_ROOT, TMP, and TMPDIR
2026-08-10T01:04:54Z	implementation	Use Node's standard temporary directory only for non-strict maintainer audit commands	Hosted release workflows remain fail-closed with an explicit RELEASE_TEMP_ROOT, while ordinary CLI use needs a portable default	Focused test was red before the change; npm run test:release-provenance, npm run test:release, npm run hooks:check, and git diff --check now pass	Strict execution is unchanged; the non-strict path falls back to os.tmpdir() after explicit temp settings
2026-08-10T01:06:53Z	review	Accept the independent final review of the Linux temp fallback	A release-boundary correction needs a fresh review after the exact diff changes	Independent reviewer inspected the code, regression, audit trail, and Bead notes; reran npm run test:release-provenance and git diff --check	APPROVED with no release-integrity or truthfulness findings
